IDpartido,Fecha,Fecha_dia,Local,Puntos_locales,Visitante,Puntos_visitantes,Torneo,Fase,Link
1,24/09/2025 21:30,2025-09-24,BOCA,82,RACING (CH),67,2025-26,Regular,https://www.laliganacional.com.ar/laliga/partido/EAf9naW3tlhGQ0ylwn2N7Q==/boca-vs-racing-ch
2,25/09/2025 20:30,2025-09-25,PLATENSE,82,FERRO,87,2025-26,Regular,https://www.laliganacional.com.ar/laliga/partido/BGtSItVwO0Ee4eIANe_Q6A==/platense-vs-ferro
3,25/09/2025 21:00,2025-09-25,LA UNION FSA.,85,REGATAS (C),91,2025-26,Regular,https://www.laliganacional.com.ar/laliga/partido/bMHZ-3iuikFKNUDEq08Ujg==/la-union-fsa-vs-regatas-c
4,25/09/2025 21:30,2025-09-25,QUIMSA,72,INSTITUTO,73,2025-26,Regular,https://www.laliganacional.com.ar/laliga/partido/nY-JEs7oMKNKavCK6kqNig==/quimsa-vs-instituto
5,26/09/2025 20:30,2025-09-26,SAN LORENZO,82,PEÑAROL (MDP),74,2025-26,Regular,https://www.laliganacional.com.ar/laliga/partido/hC6PFyDicNA2iymQU7LSCA==/san-lorenzo-vs-penarol-mdp
6,26/09/2025 21:00,2025-09-26,SAN MARTÍN (C),76,ATENAS (C),49,2025-26,Regular,https://www.laliganacional.com.ar/laliga/partido/ichFjf1cyeKbSvbg2M-IbQ==/san-martin-c-vs-atenas-c
7,27/09/2025 11:00,2025-09-27,OLÍMPICO (LB),71,INSTITUTO,73,2025-26,Regular,https://www.laliganacional.com.ar/laliga/partido/FxvWecBJcszg06bAK1oK9A==/olimpico-lb-vs-instituto
8,28/09/2025 20:00,2025-09-28,FERRO,97,PEÑAROL (MDP),84,2025-26,Regular,https://www.laliganacional.com.ar/laliga/partido/rWFf-56w9n0M6voCc5uyFw==/ferro-vs-penarol-mdp
9,28/09/2025 20:30,2025-09-28,REGATAS (C),85,ATENAS (C),69,2025-26,Regular,https://www.laliganacional.com.ar/laliga/partido/bqrlhj5t5XgvjLmfEX-oFQ==/regatas-c-vs-atenas-c
10,28/09/2025 21:00,2025-09-28,QUIMSA,99,ARGENTINO (J),71,2025-26,Regular,https://www.laliganacional.com.ar/laliga/partido/P98j0pdWnuS-I3e1dzXKaQ==/quimsa-vs-argentino-j
11,30/09/2025 21:00,2025-09-30,OBERÁ,85,SAN LORENZO,76,2025-26,Regular,https://www.laliganacional.com.ar/laliga/partido/IvxnAJfeRsnQXl6nnQTEig==/obera-vs-san-lorenzo
12,30/09/2025 22:00,2025-09-30,OLÍMPICO (LB),96,ARGENTINO (J),76,2025-26,Regular,https://www.laliganacional.com.ar/laliga/partido/DhmbXX0mokJqo0pnKZGrOA==/olimpico-lb-vs-argentino-j
13,01/10/2025 22:10,2025-10-01,BOCA,89,SAN MARTÍN (C),56,2025-26,Regular,https://www.laliganacional.com.ar/laliga/partido/1KUlYwVmNLDpMsTm3qvaxw==/boca-vs-san-martin-c
14,02/10/2025 20:35,2025-10-02,OBRAS,85,REGATAS (C),75,2025-26,Regular,https://www.laliganacional.com.ar/laliga/partido/yQhrr9Ka4vfxP0Wk-In9jQ==/obras-vs-regatas-c
15,02/10/2025 21:00,2025-10-02,INDEPENDIENTE (O),93,INSTITUTO,86,2025-26,Regular,https://www.laliganacional.com.ar/laliga/partido/fp-45mzLHo3DZ-W7-91SIg==/independiente-o-vs-instituto
16,02/10/2025 21:30,2025-10-02,LA UNION FSA.,89,SAN LORENZO,79,2025-26,Regular,https://www.laliganacional.com.ar/laliga/partido/sSmA1mvK-S404nQ3X76rfw==/la-union-fsa-vs-san-lorenzo
17,03/10/2025 20:30,2025-10-03,GIMNASIA (CR),81,SAN MARTÍN (C),65,2025-26,Regular,https://www.laliganacional.com.ar/laliga/partido/RVsw-aZsiVRKGVAWKVxLZw==/gimnasia-cr-vs-san-martin-c
18,04/10/2025 11:30,2025-10-04,PEÑAROL (MDP),80,REGATAS (C),84,2025-26,Regular,https://www.laliganacional.com.ar/laliga/partido/i0LJwKe3XM9zbt9v76c8mw==/penarol-mdp-vs-regatas-c
19,04/10/2025 20:30,2025-10-04,PLATENSE,87,BOCA,97,2025-26,Regular,https://www.laliganacional.com.ar/laliga/partido/MCkqlkMYmKdQ2aaLCTpNxw==/platense-vs-boca
20,04/10/2025 21:00,2025-10-04,RACING (CH),79,FERRO,89,2025-26,Regular,https://www.laliganacional.com.ar/laliga/partido/gfMwSW8fmWfc0rj_IfgdzQ==/racing-ch-vs-ferro
21,06/10/2025 20:30,2025-10-06,OBRAS,64,QUIMSA,68,2025-26,Regular,https://www.laliganacional.com.ar/laliga/partido/Feis3GJwnMkTrrsWV9JuqA==/obras-vs-quimsa
22,06/10/2025 21:00,2025-10-06,RACING (CH),80,ATENAS (C),83,2025-26,Regular,https://www.laliganacional.com.ar/laliga/partido/HaPx9bDHkLwEOzsAWPejBg==/racing-ch-vs-atenas-c
23,07/10/2025 22:10,2025-10-07,INSTITUTO,91,BOCA,82,2025-26,Regular,https://www.laliganacional.com.ar/laliga/partido/mGr1yNqcoALPA9C9C0YdOA==/instituto-vs-boca
24,08/10/2025 20:05,2025-10-08,PEÑAROL (MDP),88,QUIMSA,85,2025-26,Regular,https://www.laliganacional.com.ar/laliga/partido/9k0PPBIa4xqJYEkNTinp4w==/penarol-mdp-vs-quimsa
25,08/10/2025 20:30,2025-10-08,OBRAS,86,OLÍMPICO (LB),67,2025-26,Regular,https://www.laliganacional.com.ar/laliga/partido/-T4wezCxnn99j5GCVPiICA==/obras-vs-olimpico-lb
26,08/10/2025 21:00,2025-10-08,OBERÁ,80,LA UNION FSA.,87,2025-26,Regular,https://www.laliganacional.com.ar/laliga/partido/WvrhejVQEjikJZgUMYxojw==/obera-vs-la-union-fsa
27,08/10/2025 21:30,2025-10-08,ARGENTINO (J),66,ATENAS (C),84,2025-26,Regular,https://www.laliganacional.com.ar/laliga/partido/wm2i2MDuZugVMZf38FQ3Hw==/argentino-j-vs-atenas-c
28,10/10/2025 21:00,2025-10-10,GIMNASIA (CR),67,OLÍMPICO (LB),70,2025-26,Regular,https://www.laliganacional.com.ar/laliga/partido/BW_yufWHCpWy9wprxQeEiA==/gimnasia-cr-vs-olimpico-lb
29,11/10/2025 11:30,2025-10-11,ATENAS (C),87,BOCA,71,2025-26,Regular,https://www.laliganacional.com.ar/laliga/partido/WMRXXhzN6osQsO2-7LCI6Q==/atenas-c-vs-boca
30,11/10/2025 21:00,2025-10-11,RACING (CH),75,OBRAS,69,2025-26,Regular,https://www.laliganacional.com.ar/laliga/partido/VytdyGmW6GL1CgbMXVyheQ==/racing-ch-vs-obras
31,11/10/2025 21:30,2025-10-11,LA UNION FSA.,83,UNION (SF),80,2025-26,Regular,https://www.laliganacional.com.ar/laliga/partido/HMfMOKxLaIyyJW3SBch-ng==/la-union-fsa-vs-union-sf
32,12/10/2025 20:00,2025-10-12,SAN LORENZO,63,SAN MARTÍN (C),81,2025-26,Regular,https://www.laliganacional.com.ar/laliga/partido/1bRuWPZTtU4-NunATAW8mg==/san-lorenzo-vs-san-martin-c
33,12/10/2025 20:30,2025-10-12,PEÑAROL (MDP),85,INSTITUTO,83,2025-26,Regular,https://www.laliganacional.com.ar/laliga/partido/lKXrcVg9OyDo36RwV_ZKVg==/penarol-mdp-vs-instituto
34,13/10/2025 20:30,2025-10-13,OBERÁ,84,UNION (SF),66,2025-26,Regular,https://www.laliganacional.com.ar/laliga/partido/U6-la3gBQjANzZ2O1CUbaQ==/obera-vs-union-sf
35,13/10/2025 21:00,2025-10-13,ARGENTINO (J),62,OBRAS,82,2025-26,Regular,https://www.laliganacional.com.ar/laliga/partido/7yxub9ZTTcyQTpNdRFl17g==/argentino-j-vs-obras
36,13/10/2025 21:00,2025-10-13,INDEPENDIENTE (O),82,BOCA,87,2025-26,Regular,https://www.laliganacional.com.ar/laliga/partido/lU14vg8itumxO8DES-tzow==/independiente-o-vs-boca
37,14/10/2025 20:00,2025-10-14,FERRO,69,SAN MARTÍN (C),66,2025-26,Regular,https://www.laliganacional.com.ar/laliga/partido/fkt_HgMEnzGQ6gE7AxCE0A==/ferro-vs-san-martin-c
38,14/10/2025 20:30,2025-10-14,PLATENSE,77,INSTITUTO,82,2025-26,Regular,https://www.laliganacional.com.ar/laliga/partido/blGFo2jWZkAQQx8KP0Pr7Q==/platense-vs-instituto
39,14/10/2025 21:30,2025-10-14,QUIMSA,102,ATENAS (C),66,2025-26,Regular,https://www.laliganacional.com.ar/laliga/partido/9PdiFMZr9oRDWZNAYKhqHQ==/quimsa-vs-atenas-c
40,15/10/2025 20:30,2025-10-15,GIMNASIA (CR),61,LA UNION FSA.,69,2025-26,Regular,https://www.laliganacional.com.ar/laliga/partido/rY9yRnaqCYbZxeiYDqG4MA==/gimnasia-cr-vs-la-union-fsa
41,16/10/2025 21:00,2025-10-16,UNION (SF),78,RACING (CH),77,2025-26,Regular,https://www.laliganacional.com.ar/laliga/partido/hXhXc3r-IxIAQby0TSV7Bw==/union-sf-vs-racing-ch
42,16/10/2025 21:30,2025-10-16,INDEPENDIENTE (O),105,SAN LORENZO,71,2025-26,Regular,https://www.laliganacional.com.ar/laliga/partido/Z3N45bd0Zq9GhOGiiQ56Iw==/independiente-o-vs-san-lorenzo
43,16/10/2025 22:00,2025-10-16,OLÍMPICO (LB),84,ATENAS (C),87,2025-26,Regular,https://www.laliganacional.com.ar/laliga/partido/yDHvwD1uH_HY6mEeBopxvg==/olimpico-lb-vs-atenas-c
44,17/10/2025 20:05,2025-10-17,BOCA,80,LA UNION FSA.,77,2025-26,Regular,https://www.laliganacional.com.ar/laliga/partido/EnrqwRDUjfQMdvJTJuJryw==/boca-vs-la-union-fsa
45,17/10/2025 21:00,2025-10-17,ARGENTINO (J),80,FERRO,97,2025-26,Regular,https://www.laliganacional.com.ar/laliga/partido/CpUxoMMQzO1AAtiaYlulUg==/argentino-j-vs-ferro
46,18/10/2025 11:30,2025-10-18,INSTITUTO,89,SAN LORENZO,86,2025-26,Regular,https://www.laliganacional.com.ar/laliga/partido/Op0uRagv9r6FvQgJiBXK1g==/instituto-vs-san-lorenzo
47,19/10/2025 20:00,2025-10-19,PEÑAROL (MDP),76,LA UNION FSA.,74,2025-26,Regular,https://www.laliganacional.com.ar/laliga/partido/GA7l2VFibgvi2ckl0D-Suw==/penarol-mdp-vs-la-union-fsa
48,19/10/2025 20:30,2025-10-19,SAN MARTÍN (C),83,UNION (SF),73,2025-26,Regular,https://www.laliganacional.com.ar/laliga/partido/psByASRjSMG0x71RQGgnpg==/san-martin-c-vs-union-sf
49,20/10/2025 21:00,2025-10-20,ATENAS (C),85,SAN LORENZO,92,2025-26,Regular,https://www.laliganacional.com.ar/laliga/partido/3FzTAv2AxkHKmVuwd6ePyA==/atenas-c-vs-san-lorenzo
50,21/10/2025 21:00,2025-10-21,INDEPENDIENTE (O),81,GIMNASIA (CR),78,2025-26,Regular,https://www.laliganacional.com.ar/laliga/partido/XwiaUPaIqSRlzASC_8Wykw==/independiente-o-vs-gimnasia-cr
51,21/10/2025 21:30,2025-10-21,REGATAS (C),73,UNION (SF),74,2025-26,Regular,https://www.laliganacional.com.ar/laliga/partido/j4BVVmXrLf_vqZMPuJuhiQ==/regatas-c-vs-union-sf
52,21/10/2025 22:10,2025-10-21,QUIMSA,79,RACING (CH),90,2025-26,Regular,https://www.laliganacional.com.ar/laliga/partido/iEFEfdOekfpBo7XwBUqFIA==/quimsa-vs-racing-ch
53,22/10/2025 20:35,2025-10-22,OBRAS,93,BOCA,81,2025-26,Regular,https://www.laliganacional.com.ar/laliga/partido/HiR7nW18T-FGhGHpTJAHgg==/obras-vs-boca
54,22/10/2025 21:00,2025-10-22,OBERÁ,87,ARGENTINO (J),89,2025-26,Regular,https://www.laliganacional.com.ar/laliga/partido/ygK_6cnlf14jXCsrUt-lxg==/obera-vs-argentino-j
55,23/10/2025 21:00,2025-10-23,INSTITUTO,85,GIMNASIA (CR),70,2025-26,Regular,https://www.laliganacional.com.ar/laliga/partido/UFOLSJiozBYRBhv9x8KOIA==/instituto-vs-gimnasia-cr
56,23/10/2025 22:00,2025-10-23,OLÍMPICO (LB),82,RACING (CH),86,2025-26,Regular,https://www.laliganacional.com.ar/laliga/partido/G0el0lhimpFdNNYVXUuxKg==/olimpico-lb-vs-racing-ch
57,24/10/2025 21:00,2025-10-24,UNION (SF),93,PLATENSE,66,2025-26,Regular,https://www.laliganacional.com.ar/laliga/partido/KLv_W0nTDRIaj5D8vk29uA==/union-sf-vs-platense
58,24/10/2025 21:30,2025-10-24,LA UNION FSA.,98,ARGENTINO (J),80,2025-26,Regular,https://www.laliganacional.com.ar/laliga/partido/mxnEUVJ6dY9FG9vHIpnVrg==/la-union-fsa-vs-argentino-j
59,25/10/2025 11:30,2025-10-25,ATENAS (C),62,GIMNASIA (CR),64,2025-26,Regular,https://www.laliganacional.com.ar/laliga/partido/EgUzTbdg8gBE2VTtQacq9A==/atenas-c-vs-gimnasia-cr
60,27/10/2025 22:00,2025-10-27,OLÍMPICO (LB),73,INDEPENDIENTE (O),79,2025-26,Regular,https://www.laliganacional.com.ar/laliga/partido/v6plVqYQXHZiZP1xbr_Abg==/olimpico-lb-vs-independiente-o
61,29/10/2025 21:30,2025-10-29,QUIMSA,86,INDEPENDIENTE (O),83,2025-26,Regular,https://www.laliganacional.com.ar/laliga/partido/pcJ_8VWn1hCjVkAdnoelzQ==/quimsa-vs-independiente-o
62,30/10/2025 21:00,2025-10-30,ATENAS (C),65,OBERÁ,79,2025-26,Regular,https://www.laliganacional.com.ar/laliga/partido/bwqoDFyZ-rdWyHeMkwkpDA==/atenas-c-vs-obera
63,30/10/2025 21:05,2025-10-30,SAN LORENZO,85,RACING (CH),83,2025-26,Regular,https://www.laliganacional.com.ar/laliga/partido/59J1Xxdy0tCv4sIfMNWMbQ==/san-lorenzo-vs-racing-ch
64,30/10/2025 22:10,2025-10-30,FERRO,96,OBRAS,83,2025-26,Regular,https://www.laliganacional.com.ar/laliga/partido/I_lP17_MASxCgCIL_asXrg==/ferro-vs-obras
65,31/10/2025 20:30,2025-10-31,UNION (SF),77,BOCA,100,2025-26,Regular,https://www.laliganacional.com.ar/laliga/partido/OXKkPuLmiiXqhV67SZvyiw==/union-sf-vs-boca
66,31/10/2025 21:30,2025-10-31,SAN MARTÍN (C),94,ARGENTINO (J),78,2025-26,Regular,https://www.laliganacional.com.ar/laliga/partido/-Hpjbb_Ihn4BnaCjIIXgtw==/san-martin-c-vs-argentino-j
67,01/11/2025 11:30,2025-11-01,INDEPENDIENTE (O),83,OBERÁ,84,2025-26,Regular,https://www.laliganacional.com.ar/laliga/partido/MK_pJlkdz0wkWZuVgWuPsw==/independiente-o-vs-obera
68,02/11/2025 20:30,2025-11-02,REGATAS (C),77,ARGENTINO (J),50,2025-26,Regular,https://www.laliganacional.com.ar/laliga/partido/bJo7Hz05qFLn6GAIwqzaxQ==/regatas-c-vs-argentino-j
69,02/11/2025 21:00,2025-11-02,PLATENSE,101,SAN LORENZO,78,2025-26,Regular,https://www.laliganacional.com.ar/laliga/partido/fU3lVkRqw2VH6vABnfpUIA==/platense-vs-san-lorenzo
70,03/11/2025 21:00,2025-11-03,INSTITUTO,70,OBERÁ,68,2025-26,Regular,https://www.laliganacional.com.ar/laliga/partido/C4JmCMclDaBj4ioTFq2Nxw==/instituto-vs-obera
71,03/11/2025 21:30,2025-11-03,SAN MARTÍN (C),79,QUIMSA,69,2025-26,Regular,https://www.laliganacional.com.ar/laliga/partido/8VntdVAIyVLDuLDzHxzYMw==/san-martin-c-vs-quimsa
72,04/11/2025 21:00,2025-11-04,GIMNASIA (CR),70,BOCA,82,2025-26,Regular,https://www.laliganacional.com.ar/laliga/partido/Vrd8SzdgyUq6JbsLxHZwFA==/gimnasia-cr-vs-boca
73,04/11/2025 21:30,2025-11-04,INDEPENDIENTE (O),91,LA UNION FSA.,87,2025-26,Regular,https://www.laliganacional.com.ar/laliga/partido/MYcbnm6NWol8czAuv69zIA==/independiente-o-vs-la-union-fsa
74,05/11/2025 21:00,2025-11-05,REGATAS (C),66,QUIMSA,75,2025-26,Regular,https://www.laliganacional.com.ar/laliga/partido/d55kwvQ_Ko1vEDydVzAwqw==/regatas-c-vs-quimsa
75,06/11/2025 20:05,2025-11-06,ATENAS (C),70,LA UNION FSA.,87,2025-26,Regular,https://www.laliganacional.com.ar/laliga/partido/lLzEOPKCk0Qvukq3Qu-i6w==/atenas-c-vs-la-union-fsa
76,06/11/2025 21:00,2025-11-06,GIMNASIA (CR),84,SAN LORENZO,63,2025-26,Regular,https://www.laliganacional.com.ar/laliga/partido/RoYDdR94hoD4MHs_54L_RQ==/gimnasia-cr-vs-san-lorenzo
77,06/11/2025 22:10,2025-11-06,PEÑAROL (MDP),89,BOCA,78,2025-26,Regular,https://www.laliganacional.com.ar/laliga/partido/JNT7PcB1rzFjb2nZ3AAgFQ==/penarol-mdp-vs-boca
78,07/11/2025 22:00,2025-11-07,OLÍMPICO (LB),96,UNION (SF),70,2025-26,Regular,https://www.laliganacional.com.ar/laliga/partido/e2h4VQPh_U7yHA5rpyMRZQ==/olimpico-lb-vs-union-sf
79,08/11/2025 11:30,2025-11-08,INSTITUTO,71,LA UNION FSA.,83,2025-26,Regular,https://www.laliganacional.com.ar/laliga/partido/-wpYCPEnVU5MmS4L5Ygg0Q==/instituto-vs-la-union-fsa
80,09/11/2025 20:00,2025-11-09,RACING (CH),75,PLATENSE,80,2025-26,Regular,https://www.laliganacional.com.ar/laliga/partido/TMOnIZ4VEBOTWTqQcNgIsw==/racing-ch-vs-platense
81,09/11/2025 20:30,2025-11-09,GIMNASIA (CR),101,REGATAS (C),70,2025-26,Regular,https://www.laliganacional.com.ar/laliga/partido/F6EXf2PB1_gTh6gshwXCbg==/gimnasia-cr-vs-regatas-c
82,09/11/2025 21:00,2025-11-09,QUIMSA,76,UNION (SF),86,2025-26,Regular,https://www.laliganacional.com.ar/laliga/partido/UQP1naMWapamqLQyW1tZLw==/quimsa-vs-union-sf
83,10/11/2025 20:30,2025-11-10,OBRAS,77,SAN MARTÍN (C),67,2025-26,Regular,https://www.laliganacional.com.ar/laliga/partido/o9S26GZv867ZRQv6y1cmCA==/obras-vs-san-martin-c
84,11/11/2025 20:05,2025-11-11,BOCA,74,REGATAS (C),81,2025-26,Regular,https://www.laliganacional.com.ar/laliga/partido/XLLs0ahtFZroDy6DT3OInA==/boca-vs-regatas-c
85,11/11/2025 21:30,2025-11-11,ARGENTINO (J),80,PLATENSE,92,2025-26,Regular,https://www.laliganacional.com.ar/laliga/partido/sic_18MrK_QyifU018anUQ==/argentino-j-vs-platense
86,12/11/2025 21:00,2025-11-12,PEÑAROL (MDP),75,SAN MARTÍN (C),72,2025-26,Regular,https://www.laliganacional.com.ar/laliga/partido/s-CwvmRGyCTeq1Nw_Lr2Jg==/penarol-mdp-vs-san-martin-c
87,13/11/2025 22:10,2025-11-13,INDEPENDIENTE (O),87,FERRO,75,2025-26,Regular,https://www.laliganacional.com.ar/laliga/partido/GKmR6RqL_vJnUsFwcErAKA==/independiente-o-vs-ferro
88,14/11/2025 21:00,2025-11-14,OBERÁ,86,OLÍMPICO (LB),62,2025-26,Regular,https://www.laliganacional.com.ar/laliga/partido/a1ShxD-rs4ic-BaSeT2lTg==/obera-vs-olimpico-lb
89,15/11/2025 11:30,2025-11-15,INSTITUTO,75,FERRO,89,2025-26,Regular,https://www.laliganacional.com.ar/laliga/partido/84v3-yIKZFXLjyjKOrOtrA==/instituto-vs-ferro
90,15/11/2025 20:30,2025-11-15,BOCA,78,SAN LORENZO,74,2025-26,Regular,https://www.laliganacional.com.ar/laliga/partido/mdzvtyjdaUB21GaP6xXzfQ==/boca-vs-san-lorenzo
91,16/11/2025 21:00,2025-11-16,LA UNION FSA.,82,OLÍMPICO (LB),76,2025-26,Regular,https://www.laliganacional.com.ar/laliga/partido/KTwn5tWluQftZPlgJkpfqg==/la-union-fsa-vs-olimpico-lb
92,17/11/2025 21:00,2025-11-17,ATENAS (C),76,FERRO,78,2025-26,Regular,https://www.laliganacional.com.ar/laliga/partido/nllU-To58e3Q_YkZpX7-nw==/atenas-c-vs-ferro
93,17/11/2025 22:00,2025-11-17,PLATENSE,88,PEÑAROL (MDP),89,2025-26,Regular,https://www.laliganacional.com.ar/laliga/partido/LIVEyrzCW9HLfWj3S5lsOQ==/platense-vs-penarol-mdp
94,18/11/2025 21:00,2025-11-18,RACING (CH),70,GIMNASIA (CR),93,2025-26,Regular,https://www.laliganacional.com.ar/laliga/partido/-ZbDI0NdIPvmceFSbFmNKQ==/racing-ch-vs-gimnasia-cr
95,18/11/2025 21:30,2025-11-18,SAN MARTÍN (C),75,INSTITUTO,63,2025-26,Regular,https://www.laliganacional.com.ar/laliga/partido/dG2EJf8X4X4GR1F3xAr23w==/san-martin-c-vs-instituto
96,19/11/2025 21:00,2025-11-19,UNION (SF),63,PEÑAROL (MDP),82,2025-26,Regular,https://www.laliganacional.com.ar/laliga/partido/mIF1kM98vw9p2Z8dT02Bkw==/union-sf-vs-penarol-mdp
97,19/11/2025 21:30,2025-11-19,ATENAS (C),74,OBRAS,80,2025-26,Regular,https://www.laliganacional.com.ar/laliga/partido/bu0GaLwa5w9J7Qdh7lNtaA==/atenas-c-vs-obras
98,19/11/2025 22:10,2025-11-19,OLÍMPICO (LB),83,BOCA,71,2025-26,Regular,https://www.laliganacional.com.ar/laliga/partido/q21Cr6MuOiDhb4cfvIovVw==/olimpico-lb-vs-boca
99,20/11/2025 20:05,2025-11-20,PLATENSE,82,OBERÁ,78,2025-26,Regular,https://www.laliganacional.com.ar/laliga/partido/cS5WI99TAmSRIlZCohUOjw==/platense-vs-obera
100,20/11/2025 21:00,2025-11-20,ARGENTINO (J),64,GIMNASIA (CR),79,2025-26,Regular,https://www.laliganacional.com.ar/laliga/partido/8D_OilX6rQ9305S7V1quTA==/argentino-j-vs-gimnasia-cr
101,20/11/2025 21:30,2025-11-20,REGATAS (C),74,INSTITUTO,60,2025-26,Regular,https://www.laliganacional.com.ar/laliga/partido/hTxDZs1UvYNz5qR5VoyF4A==/regatas-c-vs-instituto
102,21/11/2025 21:00,2025-11-21,INDEPENDIENTE (O),89,OBRAS,92,2025-26,Regular,https://www.laliganacional.com.ar/laliga/partido/JCwdfNZZ8MulkfRiIPDi8w==/independiente-o-vs-obras
103,21/11/2025 22:00,2025-11-21,QUIMSA,61,BOCA,71,2025-26,Regular,https://www.laliganacional.com.ar/laliga/partido/8pLDAMuGVkEw1E-cp83R_g==/quimsa-vs-boca
104,22/11/2025 11:30,2025-11-22,FERRO,84,GIMNASIA (CR),72,2025-26,Regular,https://www.laliganacional.com.ar/laliga/partido/8q7jOqZab7MLlaD6CP4bjA==/ferro-vs-gimnasia-cr
105,22/11/2025 21:00,2025-11-22,PEÑAROL (MDP),71,OBERÁ,87,2025-26,Regular,https://www.laliganacional.com.ar/laliga/partido/871pvjcqSaR1PCDWhrwWbg==/penarol-mdp-vs-obera
106,23/11/2025 11:30,2025-11-23,INSTITUTO,79,OBRAS,71,2025-26,Regular,https://www.laliganacional.com.ar/laliga/partido/bnfkiOKTTHi5zfxkayq--g==/instituto-vs-obras
107,03/12/2025 21:00,2025-12-03,ATENAS (C),48,INDEPENDIENTE (O),78,2025-26,Regular,https://www.laliganacional.com.ar/laliga/partido/NlTg9Ne4AHeh9Dzsf9PE5Q==/atenas-c-vs-independiente-o
108,03/12/2025 21:30,2025-12-03,LA UNION FSA.,82,INSTITUTO,58,2025-26,Regular,https://www.laliganacional.com.ar/laliga/partido/CcGMjPJjEi3RoVURIMfVaA==/la-union-fsa-vs-instituto
109,03/12/2025 22:10,2025-12-03,FERRO,98,UNION (SF),86,2025-26,Regular,https://www.laliganacional.com.ar/laliga/partido/QsHccFdQuHb288EIzqZGkA==/ferro-vs-union-sf
110,05/12/2025 20:30,2025-12-05,SAN LORENZO,80,UNION (SF),75,2025-26,Regular,https://www.laliganacional.com.ar/laliga/partido/oK-oNrJjsi3pEgRSJjKWqA==/san-lorenzo-vs-union-sf
111,05/12/2025 21:00,2025-12-05,OBERÁ,65,INSTITUTO,59,2025-26,Regular,https://www.laliganacional.com.ar/laliga/partido/Hax6rH7jx3ytwROlXy3aXQ==/obera-vs-instituto
112,05/12/2025 21:30,2025-12-05,GIMNASIA (CR),93,PEÑAROL (MDP),67,2025-26,Regular,https://www.laliganacional.com.ar/laliga/partido/PmAA4JLhlSJm8747NsghBQ==/gimnasia-cr-vs-penarol-mdp
113,06/12/2025 20:00,2025-12-06,BOCA,116,ARGENTINO (J),83,2025-26,Regular,https://www.laliganacional.com.ar/laliga/partido/IWFi6aWPbrVQPCBQeimczw==/boca-vs-argentino-j
114,07/12/2025 20:30,2025-12-07,PLATENSE,86,INDEPENDIENTE (O),84,2025-26,Regular,https://www.laliganacional.com.ar/laliga/partido/GM2jDAfuAMJ7Nf0JDLuQLg==/platense-vs-independiente-o
115,07/12/2025 20:30,2025-12-07,OBRAS,95,PEÑAROL (MDP),86,2025-26,Regular,https://www.laliganacional.com.ar/laliga/partido/u2iEP-2fzG0V2pjbZTeGAA==/obras-vs-penarol-mdp
116,08/12/2025 20:05,2025-12-08,SAN LORENZO,88,ARGENTINO (J),52,2025-26,Regular,https://www.laliganacional.com.ar/laliga/partido/oalHhtv0U0DSltVE4eO5Sw==/san-lorenzo-vs-argentino-j
117,09/12/2025 21:00,2025-12-09,UNION (SF),100,INDEPENDIENTE (O),85,2025-26,Regular,https://www.laliganacional.com.ar/laliga/partido/V2V3qEd6WapVnlelwBJprQ==/union-sf-vs-independiente-o
118,10/12/2025 21:00,2025-12-10,REGATAS (C),67,PLATENSE,89,2025-26,Regular,https://www.laliganacional.com.ar/laliga/partido/c7JttLrHtcpYqckqh63X3w==/regatas-c-vs-platense
119,10/12/2025 22:10,2025-12-10,PEÑAROL (MDP),82,OLÍMPICO (LB),76,2025-26,Regular,https://www.laliganacional.com.ar/laliga/partido/voVY8R8nOBjZDCrdN_cPeg==/penarol-mdp-vs-olimpico-lb
120,12/12/2025 20:05,2025-12-12,FERRO,87,OLÍMPICO (LB),83,2025-26,Regular,https://www.laliganacional.com.ar/laliga/partido/nsbem6VotnmcXO8lqUE7CQ==/ferro-vs-olimpico-lb
121,12/12/2025 21:00,2025-12-12,RACING (CH),87,LA UNION FSA.,66,2025-26,Regular,https://www.laliganacional.com.ar/laliga/partido/Sn465pqjxDbhi7KVOfwh9Q==/racing-ch-vs-la-union-fsa
122,12/12/2025 21:30,2025-12-12,SAN MARTÍN (C),85,PLATENSE,63,2025-26,Regular,https://www.laliganacional.com.ar/laliga/partido/AVSzEGf7Yt8RFJOg05wFcw==/san-martin-c-vs-platense
123,13/12/2025 11:30,2025-12-13,PEÑAROL (MDP),87,ATENAS (C),67,2025-26,Regular,https://www.laliganacional.com.ar/laliga/partido/ExrNuCJKI_UCAiUWZNSPCw==/penarol-mdp-vs-atenas-c
124,14/12/2025 20:00,2025-12-14,GIMNASIA (CR),80,OBERÁ,87,2025-26,Regular,https://www.laliganacional.com.ar/laliga/partido/VJr5_pkp-pVpGD-xUF2e9w==/gimnasia-cr-vs-obera
125,14/12/2025 20:30,2025-12-14,ARGENTINO (J),66,LA UNION FSA.,85,2025-26,Regular,https://www.laliganacional.com.ar/laliga/partido/6EVyQ_JdngmoDmPp5WUOeA==/argentino-j-vs-la-union-fsa
126,15/12/2025 20:30,2025-12-15,PLATENSE,86,ATENAS (C),81,2025-26,Regular,https://www.laliganacional.com.ar/laliga/partido/Nd_OPXO_T1JBwdnBhIwtiA==/platense-vs-atenas-c
127,16/12/2025 20:05,2025-12-16,FERRO,89,QUIMSA,92,2025-26,Regular,https://www.laliganacional.com.ar/laliga/partido/CTYeC7VHvifDa5snZ3mlXg==/ferro-vs-quimsa
128,16/12/2025 20:30,2025-12-16,SAN LORENZO,70,REGATAS (C),92,2025-26,Regular,https://www.laliganacional.com.ar/laliga/partido/ID4pm6bxujZ_g-BcC2-snA==/san-lorenzo-vs-regatas-c
129,16/12/2025 22:10,2025-12-16,BOCA,70,OBERÁ,80,2025-26,Regular,https://www.laliganacional.com.ar/laliga/partido/3GBEOyUlU3Tajn9dSzW6uw==/boca-vs-obera
130,17/12/2025 21:00,2025-12-17,UNION (SF),80,INSTITUTO,87,2025-26,Regular,https://www.laliganacional.com.ar/laliga/partido/h8LjdwuwcADL8zalOfmYPA==/union-sf-vs-instituto
131,17/12/2025 21:30,2025-12-17,INDEPENDIENTE (O),88,RACING (CH),86,2025-26,Regular,https://www.laliganacional.com.ar/laliga/partido/JJSldUFfBwDktJ6I_f_x7w==/independiente-o-vs-racing-ch
132,18/12/2025 20:30,2025-12-18,GIMNASIA (CR),86,QUIMSA,78,2025-26,Regular,https://www.laliganacional.com.ar/laliga/partido/98Kdk7EzwvJryZdMzGZbAw==/gimnasia-cr-vs-quimsa
133,18/12/2025 22:10,2025-12-18,FERRO,77,REGATAS (C),79,2025-26,Regular,https://www.laliganacional.com.ar/laliga/partido/l6SrazQLJm1QirpYVGh1mw==/ferro-vs-regatas-c
134,19/12/2025 21:00,2025-12-19,ATENAS (C),75,RACING (CH),70,2025-26,Regular,https://www.laliganacional.com.ar/laliga/partido/cFk8GLBpXe6mRBp6hP_NFQ==/atenas-c-vs-racing-ch
135,19/12/2025 21:30,2025-12-19,LA UNION FSA.,88,OBRAS,77,2025-26,Regular,https://www.laliganacional.com.ar/laliga/partido/tQLiZdDTBT3ncvwsricKWA==/la-union-fsa-vs-obras
136,19/12/2025 22:00,2025-12-19,OLÍMPICO (LB),94,PLATENSE,88,2025-26,Regular,https://www.laliganacional.com.ar/laliga/partido/85L0TOWSvPn1AZ7j5k9Gxg==/olimpico-lb-vs-platense
137,21/12/2025 20:00,2025-12-21,OBERÁ,66,OBRAS,78,2025-26,Regular,https://www.laliganacional.com.ar/laliga/partido/_4FXbfYrcU6awh5JkNLe1g==/obera-vs-obras
138,21/12/2025 20:30,2025-12-21,PEÑAROL (MDP),76,INDEPENDIENTE (O),87,2025-26,Regular,https://www.laliganacional.com.ar/laliga/partido/vg6iQdtnAfnJFIfyecwI7g==/penarol-mdp-vs-independiente-o
139,21/12/2025 21:00,2025-12-21,INSTITUTO,78,RACING (CH),87,2025-26,Regular,https://www.laliganacional.com.ar/laliga/partido/pbjdCxvgaZA9s6W9wMTCxg==/instituto-vs-racing-ch
140,21/12/2025 21:00,2025-12-21,UNION (SF),95,ARGENTINO (J),84,2025-26,Regular,https://www.laliganacional.com.ar/laliga/partido/CAqpyuxBphz6gxq9_AupFQ==/union-sf-vs-argentino-j
141,21/12/2025 21:30,2025-12-21,QUIMSA,91,PLATENSE,74,2025-26,Regular,https://www.laliganacional.com.ar/laliga/partido/4v_B6Y6jxUtkWNIHKkGxVA==/quimsa-vs-platense
142,26/12/2025 20:05,2025-12-26,OBRAS,80,PLATENSE,72,2025-26,Regular,https://www.laliganacional.com.ar/laliga/partido/3p7DTajLkd6pEl21zklvvQ==/obras-vs-platense
143,26/12/2025 21:30,2025-12-26,LA UNION FSA.,75,SAN MARTÍN (C),91,2025-26,Regular,https://www.laliganacional.com.ar/laliga/partido/3-VZqlBNpDIke2EPphWfmQ==/la-union-fsa-vs-san-martin-c
144,26/12/2025 22:10,2025-12-26,INSTITUTO,68,ATENAS (C),57,2025-26,Regular,https://www.laliganacional.com.ar/laliga/partido/IGvI1q2BKUX6xZqCP2xEUg==/instituto-vs-atenas-c
145,27/12/2025 19:00,2025-12-27,QUIMSA,81,OLÍMPICO (LB),64,2025-26,Regular,https://www.laliganacional.com.ar/laliga/partido/ZfX6ccNFym8FdbdCVMp8Vw==/quimsa-vs-olimpico-lb
146,28/12/2025 22:10,2025-12-28,SAN LORENZO,81,OBRAS,89,2025-26,Regular,https://www.laliganacional.com.ar/laliga/partido/9EOtOi6FJ3B1cJ86NVxLfg==/san-lorenzo-vs-obras
147,29/12/2025 20:00,2025-12-29,FERRO,100,BOCA,84,2025-26,Regular,https://www.laliganacional.com.ar/laliga/partido/7b8hIjeERqNYbZPn5D04_w==/ferro-vs-boca
148,29/12/2025 21:30,2025-12-29,RACING (CH),76,ARGENTINO (J),79,2025-26,Regular,https://www.laliganacional.com.ar/laliga/partido/fbjcTdKsuBNs-JR2kRD5uA==/racing-ch-vs-argentino-j
149,29/12/2025 22:10,2025-12-29,REGATAS (C),84,SAN MARTÍN (C),64,2025-26,Regular,https://www.laliganacional.com.ar/laliga/partido/HzJS_iiDD0rbYF-Soi6r6w==/regatas-c-vs-san-martin-c
150,06/01/2026 21:00,2026-01-06,RACING (CH),65,INSTITUTO,76,2025-26,Regular,https://www.laliganacional.com.ar/laliga/partido/MNi6TVTEBf_7rwFFr32sFQ==/racing-ch-vs-instituto
151,06/01/2026 21:00,2026-01-06,OBRAS,69,UNION (SF),83,2025-26,Regular,https://www.laliganacional.com.ar/laliga/partido/MxLlusktEGveccddMO0ukQ==/obras-vs-union-sf
152,06/01/2026 21:30,2026-01-06,REGATAS (C),78,OBERÁ,66,2025-26,Regular,https://www.laliganacional.com.ar/laliga/partido/s9MYf2DBbm85Io6BO2As2A==/regatas-c-vs-obera
153,06/01/2026 22:00,2026-01-06,OLÍMPICO (LB),84,SAN LORENZO,74,2025-26,Regular,https://www.laliganacional.com.ar/laliga/partido/7ou3ivSugZ0Td3HOD_7ZkQ==/olimpico-lb-vs-san-lorenzo
154,07/01/2026 21:10,2026-01-07,PLATENSE,72,GIMNASIA (CR),84,2025-26,Regular,https://www.laliganacional.com.ar/laliga/partido/hLyd5avp_k_s1WsI6GxKaw==/platense-vs-gimnasia-cr
155,08/01/2026 21:00,2026-01-08,ARGENTINO (J),61,INSTITUTO,76,2025-26,Regular,https://www.laliganacional.com.ar/laliga/partido/AElHCZ1LZxGB3XqYAQ6XLg==/argentino-j-vs-instituto
156,08/01/2026 21:00,2026-01-08,INDEPENDIENTE (O),83,OLÍMPICO (LB),75,2025-26,Regular,https://www.laliganacional.com.ar/laliga/partido/LYCB-yuxn8BgfW9VwLAqmA==/independiente-o-vs-olimpico-lb
157,08/01/2026 21:30,2026-01-08,SAN MARTÍN (C),59,OBERÁ,67,2025-26,Regular,https://www.laliganacional.com.ar/laliga/partido/e49TLc3B2fht3Etv7wFtLw==/san-martin-c-vs-obera
158,08/01/2026 22:00,2026-01-08,QUIMSA,92,SAN LORENZO,61,2025-26,Regular,https://www.laliganacional.com.ar/laliga/partido/j5cnSJ97awcHh0mWcWp7jQ==/quimsa-vs-san-lorenzo
159,09/01/2026 21:05,2026-01-09,UNION (SF),88,GIMNASIA (CR),75,2025-26,Regular,https://www.laliganacional.com.ar/laliga/partido/zHoCiV3KsRrMlvrIIrUGSQ==/union-sf-vs-gimnasia-cr
160,09/01/2026 21:30,2026-01-09,REGATAS (C),94,RACING (CH),57,2025-26,Regular,https://www.laliganacional.com.ar/laliga/partido/7gV-DCiKZMysSJ4yP4Wp1w==/regatas-c-vs-racing-ch
161,10/01/2026 20:30,2026-01-10,ATENAS (C),89,OLÍMPICO (LB),75,2025-26,Regular,https://www.laliganacional.com.ar/laliga/partido/PZ5iDmgWGVxc0c41CoNwBQ==/atenas-c-vs-olimpico-lb
162,11/01/2026 20:00,2026-01-11,OBERÁ,111,PLATENSE,73,2025-26,Regular,https://www.laliganacional.com.ar/laliga/partido/fSNyWqTK8uC9RVsmXRwdJw==/obera-vs-platense
163,11/01/2026 20:30,2026-01-11,SAN MARTÍN (C),86,RACING (CH),90,2025-26,Regular,https://www.laliganacional.com.ar/laliga/partido/xqqQGYnCkoMRQ0ZyRamiKA==/san-martin-c-vs-racing-ch
164,11/01/2026 21:00,2026-01-11,REGATAS (C),73,INDEPENDIENTE (O),88,2025-26,Regular,https://www.laliganacional.com.ar/laliga/partido/XzjLXWJ6RftPNpYER4BbKQ==/regatas-c-vs-independiente-o
165,11/01/2026 21:00,2026-01-11,OBRAS,72,GIMNASIA (CR),79,2025-26,Regular,https://www.laliganacional.com.ar/laliga/partido/gcC9M2UuLTvi3DsalADiyg==/obras-vs-gimnasia-cr
166,11/01/2026 21:30,2026-01-11,LA UNION FSA.,78,QUIMSA,77,2025-26,Regular,https://www.laliganacional.com.ar/laliga/partido/kcj-c4VrIS7KJxi-VhkZxg==/la-union-fsa-vs-quimsa
167,12/01/2026 21:00,2026-01-12,ARGENTINO (J),84,PEÑAROL (MDP),83,2025-26,Regular,https://www.laliganacional.com.ar/laliga/partido/qaDXzK9D3ILzl9TzZLAtSg==/argentino-j-vs-penarol-mdp
168,12/01/2026 21:05,2026-01-12,INSTITUTO,69,OLÍMPICO (LB),93,2025-26,Regular,https://www.laliganacional.com.ar/laliga/partido/yBT3Qo3uN6xiRi89zbrZsA==/instituto-vs-olimpico-lb
169,13/01/2026 21:00,2026-01-13,OBERÁ,72,QUIMSA,74,2025-26,Regular,https://www.laliganacional.com.ar/laliga/partido/mC81EVJbVknL-_5zK4XWGg==/obera-vs-quimsa
170,13/01/2026 22:00,2026-01-13,LA UNION FSA.,79,PLATENSE,68,2025-26,Regular,https://www.laliganacional.com.ar/laliga/partido/QuHXHnkVuXs-CQYs71Fp_w==/la-union-fsa-vs-platense
171,13/01/2026 22:10,2026-01-13,SAN MARTÍN (C),67,INDEPENDIENTE (O),68,2025-26,Regular,https://www.laliganacional.com.ar/laliga/partido/1svnwkBi7BsAGUZz5kXDug==/san-martin-c-vs-independiente-o
172,14/01/2026 21:00,2026-01-14,RACING (CH),85,PEÑAROL (MDP),91,2025-26,Regular,https://www.laliganacional.com.ar/laliga/partido/UnLtXec2Q6-lKca190WXFw==/racing-ch-vs-penarol-mdp
173,15/01/2026 22:00,2026-01-15,OLÍMPICO (LB),72,REGATAS (C),65,2025-26,Regular,https://www.laliganacional.com.ar/laliga/partido/IE47i41mhS-AYGYzO6zCZg==/olimpico-lb-vs-regatas-c
174,15/01/2026 22:10,2026-01-15,SAN LORENZO,96,FERRO,69,2025-26,Regular,https://www.laliganacional.com.ar/laliga/partido/jXn8Q7SzVWDbqsybYKAvmw==/san-lorenzo-vs-ferro
175,16/01/2026 21:00,2026-01-16,UNION (SF),99,ATENAS (C),76,2025-26,Regular,https://www.laliganacional.com.ar/laliga/partido/v-zTVldvS_6VwUstBggwCQ==/union-sf-vs-atenas-c
176,17/01/2026 20:30,2026-01-17,INDEPENDIENTE (O),89,ARGENTINO (J),81,2025-26,Regular,https://www.laliganacional.com.ar/laliga/partido/IbY3iCxpH3H2HV4FNiKV3g==/independiente-o-vs-argentino-j
177,17/01/2026 21:00,2026-01-17,OBERÁ,78,RACING (CH),73,2025-26,Regular,https://www.laliganacional.com.ar/laliga/partido/U55pSIeVSSLdGgXh2Ul-rQ==/obera-vs-racing-ch
178,17/01/2026 21:30,2026-01-17,QUIMSA,69,REGATAS (C),70,2025-26,Regular,https://www.laliganacional.com.ar/laliga/partido/awYWfEuwQUlv12mjNwFylw==/quimsa-vs-regatas-c
179,18/01/2026 20:00,2026-01-18,GIMNASIA (CR),88,FERRO,75,2025-26,Regular,https://www.laliganacional.com.ar/laliga/partido/LhyemGPBhYX9IWt0RUmhOg==/gimnasia-cr-vs-ferro
180,18/01/2026 21:30,2026-01-18,OLÍMPICO (LB),77,SAN MARTÍN (C),64,2025-26,Regular,https://www.laliganacional.com.ar/laliga/partido/GlqLm5IsbxzY6yJQWIfA1A==/olimpico-lb-vs-san-martin-c
181,19/01/2026 20:30,2026-01-19,UNION (SF),96,SAN LORENZO,93,2025-26,Regular,https://www.laliganacional.com.ar/laliga/partido/8Z8EQXHfzSqskuZ9VhT6yQ==/union-sf-vs-san-lorenzo
182,19/01/2026 21:00,2026-01-19,ATENAS (C),109,ARGENTINO (J),71,2025-26,Regular,https://www.laliganacional.com.ar/laliga/partido/dDUCCYu4d9IAZtz-gllSyA==/atenas-c-vs-argentino-j
183,19/01/2026 21:30,2026-01-19,LA UNION FSA.,90,RACING (CH),78,2025-26,Regular,https://www.laliganacional.com.ar/laliga/partido/1-n9oZuxlhkIL-Nhm5TEkw==/la-union-fsa-vs-racing-ch
184,20/01/2026 22:10,2026-01-20,QUIMSA,64,SAN MARTÍN (C),79,2025-26,Regular,https://www.laliganacional.com.ar/laliga/partido/AAP7A1kB7XEeliCLpYYQLg==/quimsa-vs-san-martin-c
185,21/01/2026 21:00,2026-01-21,PEÑAROL (MDP),77,GIMNASIA (CR),73,2025-26,Regular,https://www.laliganacional.com.ar/laliga/partido/1PxRpX4uJKJy4lIbRU6mkw==/penarol-mdp-vs-gimnasia-cr
186,21/01/2026 21:30,2026-01-21,INSTITUTO,91,ARGENTINO (J),56,2025-26,Regular,https://www.laliganacional.com.ar/laliga/partido/hUZdEmr6-w18_qip76Y91g==/instituto-vs-argentino-j
187,22/01/2026 22:10,2026-01-22,FERRO,85,PLATENSE,86,2025-26,Regular,https://www.laliganacional.com.ar/laliga/partido/ZGEpqMgRSOwlJDkxp7e0Gg==/ferro-vs-platense
188,23/01/2026 21:00,2026-01-23,PEÑAROL (MDP),73,OBRAS,81,2025-26,Regular,https://www.laliganacional.com.ar/laliga/partido/PK0y1H3lLvX9OB5YdTPtuA==/penarol-mdp-vs-obras
189,23/01/2026 21:05,2026-01-23,BOCA,71,GIMNASIA (CR),74,2025-26,Regular,https://www.laliganacional.com.ar/laliga/partido/PPJPTlb8Dbam7xCu2tyoLA==/boca-vs-gimnasia-cr
190,24/01/2026 11:00,2026-01-24,SAN LORENZO,84,LA UNION FSA.,70,2025-26,Regular,https://www.laliganacional.com.ar/laliga/partido/TuX5QZaJdu1ZAB6944lztg==/san-lorenzo-vs-la-union-fsa
191,25/01/2026 11:00,2026-01-25,BOCA,66,QUIMSA,75,2025-26,Regular,https://www.laliganacional.com.ar/laliga/partido/b0s4JBlG7joIOpLJuCav5Q==/boca-vs-quimsa
192,26/01/2026 20:00,2026-01-26,OBRAS,75,RACING (CH),65,2025-26,Regular,https://www.laliganacional.com.ar/laliga/partido/89hYZCwYqKjB6UPQikouOg==/obras-vs-racing-ch
193,26/01/2026 20:30,2026-01-26,FERRO,84,LA UNION FSA.,69,2025-26,Regular,https://www.laliganacional.com.ar/laliga/partido/OiFzAcTehYuD-uwErxADwg==/ferro-vs-la-union-fsa
194,27/01/2026 20:30,2026-01-27,PLATENSE,85,QUIMSA,86,2025-26,Regular,https://www.laliganacional.com.ar/laliga/partido/njwkMqedLpzliaLg0jRPEQ==/platense-vs-quimsa
195,27/01/2026 21:00,2026-01-27,GIMNASIA (CR),91,INDEPENDIENTE (O),82,2025-26,Regular,https://www.laliganacional.com.ar/laliga/partido/rCFTb0irzaswd2a3a5MQmA==/gimnasia-cr-vs-independiente-o
196,28/01/2026 20:00,2026-01-28,OBRAS,85,LA UNION FSA.,76,2025-26,Regular,https://www.laliganacional.com.ar/laliga/partido/8wV4k2s3G7M3sA5j7d7S7w==/obras-vs-la-union-fsa
197,28/01/2026 21:00,2026-01-28,SAN MARTÍN (C),85,BOCA,79,2025-26,Regular,https://www.laliganacional.com.ar/laliga/partido/mu92PJa815virFCBi7PKPw==/san-martin-c-vs-boca
198,29/01/2026 20:30,2026-01-29,SAN LORENZO,69,INDEPENDIENTE (O),80,2025-26,Regular,https://www.laliganacional.com.ar/laliga/partido/EWjaO_vFL9OrJ1W9R3wUrA==/san-lorenzo-vs-independiente-o
199,30/01/2026 20:30,2026-01-30,RACING (CH),82,OLÍMPICO (LB),73,2025-26,Regular,https://www.laliganacional.com.ar/laliga/partido/f8aPefz47hQ8Ay4kDkeT3g==/racing-ch-vs-olimpico-lb
200,30/01/2026 21:30,2026-01-30,REGATAS (C),58,BOCA,55,2025-26,Regular,https://www.laliganacional.com.ar/laliga/partido/ceVqgiqC0JoRCqAuP7-3uw==/regatas-c-vs-boca
201,31/01/2026 11:30,2026-01-31,INSTITUTO,80,SAN MARTÍN (C),75,2025-26,Regular,https://www.laliganacional.com.ar/laliga/partido/og8PQfNO6k1JWgvDgDRnxQ==/instituto-vs-san-martin-c
202,31/01/2026 21:00,2026-01-31,UNION (SF),83,OBERÁ,91,2025-26,Regular,https://www.laliganacional.com.ar/laliga/partido/fPRr_t5E691irbQNnL5iRA==/union-sf-vs-obera

